filename,label
T55.txt,2
T175.txt,12
T78.txt,18
T341.txt,2
T486.txt,22
T585.txt,29
T594.txt,21
T361.txt,9
T339.txt,20
T536.txt,5
T176.txt,21
T281.txt,7
T29.txt,12
T257.txt,1
T167.txt,8
T157.txt,3
T333.txt,25
T275.txt,20
T223.txt,13
T226.txt,2
T527.txt,3
T562.txt,19
T522.txt,2
T381.txt,29
T50.txt,0
T91.txt,16
T169.txt,28
T49.txt,10
T195.txt,27
T2.txt,22
T33.txt,3
T194.txt,16
T488.txt,6
T172.txt,9
T293.txt,17
T203.txt,10
T217.txt,6
T138.txt,2
T205.txt,26
T136.txt,10
T510.txt,25
T132.txt,16
T577.txt,17
T134.txt,17
T430.txt,22
T567.txt,26
T495.txt,21
T74.txt,6
T544.txt,27
T542.txt,18
T485.txt,15
T6.txt,7
T101.txt,4
T285.txt,26
T353.txt,24
T152.txt,23
T311.txt,0
T531.txt,20
T511.txt,0
T493.txt,11
T426.txt,18
T244.txt,26
T401.txt,20
T88.txt,21
T337.txt,11
T327.txt,8
T320.txt,6
T235.txt,25
T164.txt,8
T237.txt,16
T262.txt,16
T553.txt,20
T414.txt,26
T589.txt,3
T246.txt,21
T46.txt,3
T560.txt,25
T41.txt,3
T408.txt,3
T83.txt,4
T359.txt,15
T340.txt,13
T265.txt,15
T209.txt,1
T310.txt,28
T515.txt,25
T441.txt,12
T99.txt,10
T498.txt,24
T388.txt,17
T113.txt,16
T508.txt,14
T238.txt,29
T267.txt,11
T232.txt,22
T423.txt,24
T470.txt,23
T344.txt,2
T85.txt,8
T92.txt,5
T418.txt,0
T427.txt,16
T392.txt,7
T391.txt,14
T372.txt,18
T434.txt,27
T429.txt,17
T532.txt,18
T145.txt,26
T473.txt,2
T438.txt,21
T572.txt,14
T404.txt,18
T12.txt,9
T43.txt,12
T185.txt,16
T212.txt,28
T251.txt,25
T362.txt,7
T551.txt,8
T30.txt,0
T177.txt,13
T445.txt,11
T406.txt,6
T439.txt,5
T266.txt,17
T411.txt,0
T9.txt,0
T386.txt,19
T53.txt,24
T224.txt,23
T98.txt,6
T72.txt,28
T295.txt,15
T380.txt,19
T100.txt,4
T256.txt,28
T431.txt,5
T120.txt,25
T290.txt,0
T289.txt,24
T541.txt,21
T555.txt,6
T236.txt,22
T119.txt,21
T239.txt,26
T330.txt,27
T574.txt,2
T304.txt,15
T106.txt,5
T287.txt,6
T230.txt,20
T121.txt,16
T538.txt,5
T252.txt,7
T321.txt,19
T355.txt,13
T240.txt,22
T206.txt,25
T352.txt,3
T280.txt,14
T0.txt,25
T115.txt,13
T543.txt,23
T312.txt,14
T535.txt,26
T271.txt,22
T151.txt,23
T507.txt,11
T595.txt,9
T458.txt,28
T389.txt,28
T305.txt,10
T292.txt,17
T435.txt,22
T301.txt,15
T300.txt,5
T89.txt,29
T350.txt,25
T499.txt,23
T354.txt,10
T200.txt,1
T254.txt,21
T204.txt,17
T258.txt,19
T570.txt,7
T141.txt,1
T587.txt,28
T202.txt,16
T211.txt,23
T331.txt,10
T537.txt,17
T457.txt,2
T382.txt,21
T140.txt,1
T117.txt,15
T22.txt,29
T213.txt,20
T583.txt,22
T309.txt,10
T104.txt,24
T342.txt,18
T299.txt,12
T94.txt,6
T277.txt,6
T539.txt,2
T114.txt,22
T336.txt,5
T523.txt,26
T291.txt,24
T421.txt,9
T93.txt,11
T4.txt,13
T415.txt,8
T383.txt,25
T390.txt,14
T504.txt,11
T264.txt,26
T370.txt,2
T407.txt,23
T82.txt,13
T351.txt,24
T77.txt,14
T32.txt,20
T369.txt,12
T111.txt,24
T273.txt,22
T530.txt,12
T279.txt,2
T472.txt,8
T412.txt,12
T491.txt,26
T47.txt,11
T189.txt,11
T436.txt,10
T198.txt,17
T332.txt,29
T80.txt,4
T87.txt,9
T10.txt,19
T548.txt,8
T356.txt,1
T384.txt,14
T234.txt,15
T447.txt,20
T529.txt,15
T147.txt,29
T465.txt,22
T503.txt,29
T105.txt,13
T460.txt,17
T373.txt,10
T448.txt,6
T137.txt,0
T51.txt,6
T509.txt,1
T593.txt,14
T181.txt,25
T451.txt,18
T63.txt,16
T26.txt,13
T222.txt,27
T366.txt,20
T525.txt,20
T371.txt,12
T95.txt,7
T564.txt,17
T459.txt,11
T582.txt,11
T135.txt,9
T315.txt,18
T368.txt,9
T62.txt,20
T14.txt,27
T288.txt,3
T17.txt,17
T581.txt,29
T3.txt,28
T322.txt,26
T453.txt,5
T27.txt,8
T323.txt,24
T296.txt,18
T378.txt,23
T34.txt,1
T573.txt,0
T484.txt,1
T31.txt,0
T249.txt,8
T463.txt,21
T159.txt,3
T517.txt,21
T44.txt,6
T559.txt,4
T60.txt,3
T192.txt,1
T482.txt,13
T598.txt,27
T253.txt,6
T54.txt,2
T11.txt,20
T405.txt,7
T163.txt,25
T550.txt,15
T338.txt,18
T227.txt,19
T440.txt,27
T399.txt,27
T146.txt,22
T569.txt,8
T466.txt,23
T345.txt,29
T449.txt,6
T394.txt,24
T494.txt,4
T521.txt,29
T64.txt,23
T349.txt,4
T563.txt,28
T128.txt,27
T409.txt,10
T263.txt,19
T547.txt,0
T395.txt,29
T125.txt,10
T35.txt,5
T343.txt,15
T335.txt,28
T452.txt,13
T243.txt,19
T317.txt,14
T245.txt,25
T231.txt,9
T66.txt,3
T130.txt,4
T420.txt,5
T165.txt,16
T443.txt,24
T170.txt,12
T168.txt,7
T347.txt,1
T437.txt,18
T112.txt,19
T242.txt,5
T469.txt,13
T124.txt,0
T424.txt,22
T464.txt,5
T402.txt,15
T302.txt,19
T481.txt,5
T334.txt,6
T274.txt,27
T487.txt,27
T462.txt,10
T218.txt,20
T397.txt,27
T278.txt,18
T233.txt,23
T500.txt,4
T502.txt,26
T208.txt,12
T533.txt,4
T79.txt,3
T70.txt,9
T518.txt,1
T303.txt,15
T215.txt,9
T201.txt,2
T346.txt,16
T367.txt,10
T59.txt,18
T306.txt,5
T109.txt,20
T599.txt,1
T20.txt,8
T514.txt,7
T131.txt,28
T422.txt,0
T375.txt,9
T393.txt,10
T8.txt,11
T314.txt,19
T86.txt,12
T158.txt,28
T184.txt,15
T1.txt,1
T298.txt,9
T576.txt,7
T363.txt,7
T545.txt,0
T540.txt,8
T477.txt,3
T592.txt,29
T586.txt,29
T188.txt,24
T24.txt,23
T283.txt,23
T456.txt,24
T276.txt,7
T40.txt,11
T297.txt,13
T519.txt,18
T129.txt,22
T56.txt,14
T210.txt,19
T483.txt,8
T461.txt,29
T365.txt,21
T284.txt,14
T318.txt,26
T516.txt,24
T173.txt,7
T490.txt,4
T467.txt,11
T505.txt,20
T196.txt,8
T69.txt,19
T549.txt,9
T387.txt,26
T520.txt,4
T294.txt,29
T25.txt,21
T584.txt,4
T219.txt,5
T191.txt,28
T5.txt,0
T313.txt,17
T479.txt,12
T182.txt,11
T501.txt,14
T142.txt,15
T190.txt,27
T513.txt,26
T150.txt,14
T247.txt,17
T268.txt,24
T73.txt,21
T557.txt,9
T428.txt,25
T526.txt,7
T207.txt,11
T13.txt,13
T474.txt,13
T139.txt,23
T166.txt,19
T97.txt,12
T255.txt,9
T71.txt,16
T42.txt,13
T307.txt,4
T554.txt,27
T161.txt,19
T377.txt,7
T546.txt,4
T512.txt,14
T403.txt,2
T183.txt,16
T45.txt,3
T575.txt,25
T225.txt,12
T596.txt,16
T38.txt,1
T216.txt,10
T597.txt,2
T23.txt,21
T19.txt,8
T58.txt,28
T364.txt,15
T590.txt,27
T48.txt,12
T148.txt,23
T568.txt,17
T591.txt,22
T528.txt,1
T328.txt,14
T118.txt,3
T248.txt,28
T357.txt,4
T360.txt,18
